{"aaa": 10.123, "ddfsd": 10.930025100708008, "ssss": 6.244147539138794, "dd": 9.624086618423462, "bbb": 6.839000463485718, "d": 8.942664861679077}