{"aaa": 10.123, "a": 8.034727334976196, "aa": 7.227963447570801}